Город/Регион,ОГРН,Дата присвоения,ИНН,КПП,Директор,Дата прекращения
[1],[2],[3],[4],[5],[6],[7]
[1],[2],[3],[4],[5],[6],[7]
[1],[2],[3],[4],[5],[6],[7]
[1],[2],[3],[4],[5],[6],[7]
[1],[2],[3],[4],[5],[6],[7]
[1],[2],[3],[4],[5],[6],[7]
[1],[2],[3],[4],[5],[6],[7]
Город/Регион,ОГРН,Дата присвоения,ИНН,КПП,Директор,Дата прекращения
[1],[2],[3],[4],[5],[6],[7]
[1],[2],[3],[4],[5],[6],[7]
[1],[2],[3],[4],[5],[6],[7]
[1],[2],[3],[4],[5],[6],[7]
[1],[2],[3],[4],[5],[6],[7]
[1],[2],[3],[4],[5],[6],[7]
[1],[2],[3],[4],[5],[6],[7]
Город/Регион,ОГРН,Дата присвоения,ИНН,КПП,Директор,Дата прекращения
[1],[2],[3],[4],[5],[6],[7]
[1],[2],[3],[4],[5],[6],[7]
[1],[2],[3],[4],[5],[6],[7]
[1],[2],[3],[4],[5],[6],[7]
[1],[2],[3],[4],[5],[6],[7]
[1],[2],[3],[4],[5],[6],[7]
[1],[2],[3],[4],[5],[6],[7]
Город/Регион,ОГРН,Дата присвоения,ИНН,КПП,Директор,Дата прекращения
[1],[2],[3],[4],[5],[6],[7]
[1],[2],[3],[4],[5],[6],[7]
[1],[2],[3],[4],[5],[6],[7]
[1],[2],[3],[4],[5],[6],[7]
[1],[2],[3],[4],[5],[6],[7]
[1],[2],[3],[4],[5],[6],[7]
[1],[2],[3],[4],[5],[6],[7]
Город/Регион,ОГРН,Дата присвоения,ИНН,КПП,Директор,Дата прекращения
[1],[2],[3],[4],[5],[6],[7]
[1],[2],[3],[4],[5],[6],[7]
[1],[2],[3],[4],[5],[6],[7]
[1],[2],[3],[4],[5],[6],[7]
[1],[2],[3],[4],[5],[6],[7]
[1],[2],[3],[4],[5],[6],[7]
[1],[2],[3],[4],[5],[6],[7]
Город/Регион,ОГРН,Дата присвоения,ИНН,КПП,Директор,Дата прекращения
[1],[2],[3],[4],[5],[6],[7]
[1],[2],[3],[4],[5],[6],[7]
[1],[2],[3],[4],[5],[6],[7]
[1],[2],[3],[4],[5],[6],[7]
[1],[2],[3],[4],[5],[6],[7]
[1],[2],[3],[4],[5],[6],[7]
[1],[2],[3],[4],[5],[6],[7]
